test_id,layer,requirements,result,classification,duration_ms,name,details

P45-MAN-001,manifest,TST-001|TST-009,PASS,PASS_EXACT,0.20000000298023224,Every declared test uses a known requirement identifier,"{""knownRequirements"":77,""checkedTests"":276}"

MF-ID-001,manifest,TST-001|TST-006,PASS,PASS_EXACT,0,Test IDs are unique,{}

MF-FEAT-001,manifest,TST-001,PASS,PASS_EXACT,0.20000000298023224,Every feature maps requirements and tests,{}

MF-MOD-001,manifest,TST-006,PASS,PASS_EXACT,19.200000002980232,Feature module paths exist,"{""declaredModules"":67,""existingModules"":67,""missingModules"":[]}"

MF-PROD-001,manifest,TST-004,PASS,PASS_EXACT,30.299999997019768,Production bundle excludes test API,"{""artifact"":""browser_files/dist/bundle.prod.html"",""sizeBytes"":147453,""checks"":{""test_api_absent"":true,""test_registration_absent"":true,""test_controls_absent"":true,""test_fixtures_absent"":true,""mock_transport_absent"":true,""contract_fixture_absent"":true,""integration_scenario_absent"":true,""visual_baseline_absent"":true,""p45_closure_absent"":true},""forbiddenMatches"":[]}"

MF-PROD-002,manifest,TST-004,PASS,PASS_EXACT,31.5,Production bundle excludes test fixtures and controls,"{""artifact"":""browser_files/dist/bundle.prod.html"",""checks"":{""test_api_absent"":true,""test_registration_absent"":true,""test_controls_absent"":true,""test_fixtures_absent"":true,""mock_transport_absent"":true,""contract_fixture_absent"":true,""integration_scenario_absent"":true,""visual_baseline_absent"":true,""p45_closure_absent"":true},""forbiddenMatches"":[]}"

MF-ARC-001,manifest,ARC-010,PASS,PASS_EXACT,0,Shared architecture modules declare interfaces,"{""modules"":8}"

MF-ARC-002,manifest,ARC-010|TST-006,PASS,PASS_EXACT,0.20000000298023224,Architecture dependencies resolve,"{""dependencyErrors"":[]}"

MF-ARC-003,manifest,ARC-004,PASS,PASS_EXACT,0.09999999403953552,One primary browser control is declared,"{""primaryBrowserControls"":1}"

MF-ARC-004,manifest,ARC-007|TST-004,PASS,PASS_EXACT,46.19999998807907,Production bundle rejects browser native and test assumptions,"{""forbiddenMatches"":[]}"

MF-ST-001,manifest,ARC-001|TST-001,PASS,PASS_EXACT,0,Starter manifest declares canonical production entrypoint,"{""launcher"":""app/starter_main.sce"",""bundle"":""browser_files/dist/bundle.prod.html""}"

MF-ST-002,manifest,ARC-010|TST-006,PASS,PASS_EXACT,39.6000000089407,Starter required module paths exist,"{""declared"":9,""existing"":9,""missing"":[]}"

MF-ST-003,manifest,ARC-010|TST-006,PASS,PASS_EXACT,0.09999999403953552,Starter profile disables optional test and plotting layers,"{""build_mode"":""production"",""include_plotting"":false,""include_testing"":false,""jcef_debug"":false}"

MF-ST-004,manifest,TST-004|ARC-007,PASS,PASS_EXACT,48.099999994039536,Starter production bundle excludes optional and test source,"{""artifact"":""browser_files/dist/bundle.prod.html"",""checks"":{""test_api_absent"":true,""test_registration_absent"":true,""test_controls_absent"":true,""test_fixtures_absent"":true,""mock_transport_absent"":true,""contract_fixture_absent"":true,""integration_scenario_absent"":true,""visual_baseline_absent"":true,""p45_closure_absent"":true},""forbiddenMatches"":[]}"

MF-APP-001,manifest,CMP-004|TST-001,PASS,PASS_EXACT,0.20000000298023224,Application manifest has complete separate identity,"{""application"":""0.8.7-m8.7"",""foundation"":""P6.4.0-0.1""}"

MF-APP-002,manifest,ARC-010|TST-006,PASS,PASS_EXACT,42.70000000298023,Application modules resolve,"{""declared"":17,""existing"":17}"

MF-APP-003,manifest,ARC-010|AIG-003,PASS,PASS_EXACT,0.20000000298023224,Foundation and application ownership is complete,"{""classifications"":[""foundation-owned"",""application-owned"",""generated"",""test-only"",""example-only"",""evidence""],""editableRoots"":[""application/"",""browser_files/js/application/""]}"

MF-APP-004,manifest,AIG-001|AIG-004,PASS,PASS_EXACT,0,Derivation policy protects foundation source,"{""derivation_modifies_protected_files"":false,""generated_is_primary_source"":false}"

MF-APP-005,manifest,BLD-001|TST-006,PASS,PASS_EXACT,0.20000000298023224,Production bundle contains declared application service,"{""service"":""P2.application.ping"",""included"":true}"

MF-APP-006,manifest,TST-004|AIG-002,PASS,PASS_EXACT,52.599999994039536,Production profile excludes qualification leakage,"{""forbiddenMatches"":[]}"

MF-REL-001,manifest,CMP-001|CMP-004,PASS,PASS_EXACT,0,P6.4 release identity and accepted source are declared,"{""version"":""P6.4.0-0.1"",""source"":""P5.5.0-0.2""}"

MF-REL-002,manifest,TST-001|AIG-004,PASS,PASS_EXACT,0.09999999403953552,P6.4 acceptance target preserves and expands baseline,"{""declared"":135,""passed"":135,""failed"":0,""skipped"":0}"

MF-REL-003,manifest,AIG-001|AIG-003,PASS,PASS_EXACT,0,Upgrade contract preserves application-owned roots,"{""preserveRoots"":[""application/"",""browser_files/js/application/""]}"

MF-REL-004,manifest,AIG-004|AIG-005,PASS,PASS_EXACT,0,Upgrade contract protects generated and foundation boundaries,"{""application_identity_preserved"":true,""protected_foundation_edits_forbidden"":true,""generated_is_primary_source"":false}"

MF-REL-005,manifest,BLD-002|BLD-008|BLD-012,PASS,PASS_EXACT,0.09999999403953552,Build policy declares deterministic ordering and outputs,"{""order"":""lexicographic_case_insensitive"",""outputs"":[""browser_files/dist/bundle.test.html"",""browser_files/dist/bundle.prod.html""]}"

MF-REL-006,manifest,BLD-005|CMP-003,PASS,PASS_EXACT,0,Release policy requires offline runtime,"{""offlineRuntime"":true}"

MF-REL-007,manifest,AIG-003|AIG-006,PASS,PASS_EXACT,0,Rollback package is explicit,"{""rollback"":""scilab_jcef_foundation_p5.5.0_v0.2.zip""}"

MF-REL-008,manifest,ARC-005|ARC-010,PASS,PASS_EXACT,0.09999999403953552,Application manifest declares two extension operations,"{""operations"":[""application.example.ping.request"",""application.example.sum.request"",""application.aipp.status.request"",""application.aipp.pyrolist.request"",""application.aipp.materials.request""]}"

MF-BLD-001,manifest,BLD-004,PASS,PASS_EXACT,0,Dependency manifest has unique module identifiers,"{""version"":""P6.4.0-0.1"",""moduleCount"":60}"

MF-BLD-002,manifest,BLD-004|BLD-006,PASS,PASS_EXACT,0,All declared dependencies resolve,"{""version"":""P6.4.0-0.1"",""moduleCount"":60}"

MF-BLD-003,manifest,BLD-007|BLD-008,PASS,PASS_EXACT,0,Build modes are explicitly declared,"{""version"":""P6.4.0-0.1"",""moduleCount"":60}"

MF-BLD-004,manifest,BLD-007,PASS,PASS_EXACT,0.09999999403953552,Production excludes plotting and testing categories,"{""version"":""P6.4.0-0.1"",""moduleCount"":60}"

MF-BLD-005,manifest,BLD-002,PASS,PASS_EXACT,0.19999998807907104,Runtime source ordering policy is explicit,"{""version"":""P6.4.0-0.1"",""moduleCount"":60}"

MF-BLD-006,manifest,BLD-001|BLD-008,PASS,PASS_EXACT,0.09999999403953552,Application HTML and CSS disposition is explicit,"{""version"":""P6.4.0-0.1"",""moduleCount"":60}"

MF-BLD-007,manifest,BLD-005,PASS,PASS_EXACT,0,No remote runtime dependency is declared,"{""version"":""P6.4.0-0.1"",""moduleCount"":60}"

MF-BLD-008,manifest,BLD-009,PASS,PASS_EXACT,0,Generated build identity matches active foundation,"{""version"":""P6.4.0-0.1"",""moduleCount"":60}"

MF-BLD-009,manifest,BLD-011,PASS,PASS_EXACT,0.09999999403953552,Required production module set is nonempty,"{""version"":""P6.4.0-0.1"",""moduleCount"":60}"

MF-BLD-010,manifest,BLD-007|BLD-010,PASS,PASS_EXACT,0.09999999403953552,"Development, test, and production profiles are distinct","{""version"":""P6.4.0-0.1"",""moduleCount"":60}"

MF-P62-001,manifest,BLD-003|BLD-010,PASS,PASS_EXACT,0.09999999403953552,P6.2 structured launcher validation is declared,"{""canonical"":""app/main.sce"",""starter"":""app/starter_main.sce"",""compatibility"":""main.sce""}"

MF-P62-002,manifest,BLD-010|ARC-001,PASS,PASS_EXACT,0.09999999403953552,Canonical and starter launchers remain distinct,"{""canonical"":""app/main.sce"",""starter"":""app/starter_main.sce"",""compatibility"":""main.sce""}"

MF-P62-003,manifest,BLD-004|BLD-006,PASS,PASS_EXACT,0.09999999403953552,Dependency cycle detection is active,"{""cycleDetection"":true}"

MF-P62-004,manifest,BLD-007|BLD-008,PASS,PASS_EXACT,0.10000000894069672,Development profile has a dedicated surface,"{""component"":""component.dev.diagnostics"",""diagnosticsModule"":""diagnostics.dev.panel"",""includesPlotting"":true,""includesTesting"":false}"

MF-P62-005,manifest,BLD-007|OBS-008,PASS,PASS_EXACT,0,Development diagnostics are explicitly declared,"{""component"":""component.dev.diagnostics"",""diagnosticsModule"":""diagnostics.dev.panel"",""includesPlotting"":true,""includesTesting"":false}"

MF-P62-006,manifest,TST-004|BLD-007,PASS,PASS_EXACT,0,Development build excludes qualification tests,"{""component"":""component.dev.diagnostics"",""diagnosticsModule"":""diagnostics.dev.panel"",""includesPlotting"":true,""includesTesting"":false}"

MF-P62-007,manifest,BLD-007|PLT-010,PASS,PASS_EXACT,0.09999999403953552,Development build retains optional plotting,"{""component"":""component.dev.diagnostics"",""diagnosticsModule"":""diagnostics.dev.panel"",""includesPlotting"":true,""includesTesting"":false}"

MF-P62-008,manifest,AIG-004|AIG-006,PASS,PASS_EXACT,0.09999999403953552,Mutation suite covers dependency failures,"{""cases"":[""duplicate_module_id"",""unknown_dependency"",""dependency_cycle"",""missing_placeholder"",""production_test_leak"",""launcher_order""]}"

MF-P62-009,manifest,AIG-004|TST-004,PASS,PASS_EXACT,0.09999999403953552,Mutation suite covers bundle safety failures,"{""cases"":[""duplicate_module_id"",""unknown_dependency"",""dependency_cycle"",""missing_placeholder"",""production_test_leak"",""launcher_order""]}"

MF-P62-010,manifest,AIG-004|BLD-010,PASS,PASS_EXACT,0,Mutation suite covers launcher ordering,"{""cases"":[""duplicate_module_id"",""unknown_dependency"",""dependency_cycle"",""missing_placeholder"",""production_test_leak"",""launcher_order""]}"

MF-P63-001,manifest,BLD-012,PASS,PASS_EXACT,0.10000000894069672,P6.3 reproducibility enforcement is declared,"{""reproducibilityEnforced"":true,""productionValidateOnly"":true,""acceptedArtifactContract"":true,""staleArtifactDetection"":true}"

MF-P63-002,manifest,BLD-010,PASS,PASS_EXACT,0,Production launcher uses validate-only policy,"{""launcher"":""app/starter_main.sce"",""validateOnly"":true}"

MF-P63-003,manifest,BLD-009|BLD-011,PASS,PASS_EXACT,0,Accepted production artifact contract is declared,"{""contract"":""browser_files/dist/production_acceptance.json""}"

MF-P63-004,manifest,BLD-008|BLD-012,PASS,PASS_EXACT,0.09999999403953552,Reproducibility report is declared,"{""report"":""browser_files/dist/reproducibility_report.json""}"

MF-P63-005,manifest,BLD-010|BLD-011,PASS,PASS_EXACT,0,Stale artifact detection is active,"{""reproducibilityEnforced"":true,""productionValidateOnly"":true,""acceptedArtifactContract"":true,""staleArtifactDetection"":true}"

MF-P63-006,manifest,BLD-007|BLD-010,PASS,PASS_EXACT,0,Qualification and production launch policies are distinct,"{""qualification"":""app/main.sce"",""production"":""app/starter_main.sce""}"

MF-P63-007,manifest,TST-001|BLD-008,PASS,PASS_EXACT,0.09999999403953552,P6.3 acceptance inventory expands P6.2,"{""declared"":167,""baseline"":157}"

MF-P63-008,manifest,BLD-003|BLD-011,PASS,PASS_EXACT,0,Production validation has required structural markers,"{""structuralValidation"":true}"

MF-P64-001,manifest,BLD-008|AIG-003,PASS,PASS_EXACT,0,P6.4 canonical package inventory is declared,"{""report"":""package_inventory.json""}"

MF-P64-002,manifest,BLD-012|AIG-006,PASS,PASS_EXACT,0,Deterministic archive policy is active,"{""tool"":""tools/packaging/package_p64.py""}"

MF-P64-003,manifest,BLD-001|BLD-008,PASS,PASS_EXACT,0.09999999403953552,Generated Python caches are excluded,"{""cacheExclusion"":true}"

MF-P64-004,manifest,AIG-001|AIG-004,PASS,PASS_EXACT,0,P6.3 accepted source evidence is recorded,"{""version"":""P6.3.0-0.1"",""declared"":167,""executed"":167,""passed"":167,""failed"":0,""skipped"":0,""evidence"":""protocol_results_6.3.0.json""}"

MF-P64-005,manifest,BLD-009|CMP-004,PASS,PASS_EXACT,0.10000000894069672,Full file hash ledger is declared,"{""ledger"":""SHA256SUMS.txt""}"

MF-P64-006,manifest,AIG-003|AIG-006,PASS,PASS_EXACT,0,Rollback package is the accepted P6.3 source,"{""rollback"":""scilab_jcef_foundation_p6.3.0_v0.1.zip""}"

MF-P64-007,manifest,TST-001|AIG-004,PASS,PASS_EXACT,0,P6.4 inventory expands P6.3 without removals,"{""declared"":177,""baseline"":167}"

MF-P64-008,manifest,CMP-004|BLD-009,PASS,PASS_EXACT,0.09999999403953552,Package metadata matches active foundation identity,"{""version"":""P6.4.0-0.1""}"

BR-PRO-001,browser,PRO-001|PRO-002|PRO-003,PASS,PASS_EXACT,0.09999999403953552,Envelope validation accepts valid message,"{""type"":""diagnostic.echo.request""}"

BR-PRO-002,browser,PRO-001|TST-003,PASS,PASS_EXACT,0,Envelope validation rejects missing type,{}

BR-REQ-001,browser,PRO-003|PRO-009,PASS,PASS_EXACT,0.10000000894069672,Request registry settles and cleans,{}

BR-REQ-002,browser,PRO-003|TST-003,PASS,PASS_EXACT,0.09999999403953552,Duplicate request ID rejected,{}

BR-REQ-003,browser,PRO-009,PASS,PASS_EXACT,20.69999998807907,Timeout settlement removes pending state,{}

BR-PLOT-001,browser,PLT-002|PLT-010,PASS,PASS_EXACT,2.2999999970197678,Mock plot adapter lifecycle,{}

BR-PLOT-002,browser,PLT-002,PASS,PASS_EXACT,0.10000000894069672,Adapter base rejects unimplemented methods,{}

BR-UI-001,browser,TST-007,PASS,PASS_EXACT,0,Critical test controls are reachable,{}

P45-CODEC-001,browser,PRO-005,PASS,PASS_EXACT,0.20000000298023224,Safe codec round trips UTF-8 and nested values,"{""encodedBytes"":53}"

P45-CODEC-002,browser,PRO-005,PASS,PASS_EXACT,0.09999999403953552,Safe codec emits explicit special numeric sentinels,"{""a"":{""numeric_encoding"":""special"",""value"":""nan""},""b"":{""numeric_encoding"":""special"",""value"":""positive_infinity""},""c"":{""numeric_encoding"":""special"",""value"":""negative_infinity""}}"

P45-CODEC-003,browser,PRO-005|TST-003,PASS,PASS_EXACT,0,Safe codec rejects circular structures,"{""rejected"":true}"

P45-CODEC-004,browser,PRO-005|TST-003,PASS,PASS_EXACT,0,Safe codec rejects unsupported object types,{}

P45-REQ-001,browser,PRO-003|PRO-004|TST-003,PASS,PASS_EXACT,0,Response validation rejects wrong request correlation,"{""errors"":[""request_id mismatch wrong""]}"

P45-REQ-002,browser,PRO-009,PASS,PASS_EXACT,0.20000000298023224,Request registry settles exactly once,"{""settlements"":1}"

P45-XFR-001,browser,PRO-009|PRO-010,PASS,PASS_EXACT,31.099999994039536,Transfer registry terminal settlement is exactly once,"{""events"":[""state"",""state"",""completed"",""cleaned""]}"

P45-XFR-002,browser,PRO-010,PASS,PASS_EXACT,0.09999999403953552,Generic helpers split exact boundaries and checksum text,"{""chunks"":[""abcd"",""efgh""],""checksum"":195}"

P45-UI-001,browser,TST-001,PASS,PASS_EXACT,0.29999999701976776,CSV formatter escapes commas quotes and newlines,"{""length"":152}"

BR-ARC-001,browser,ARC-009,PASS,PASS_EXACT,0,Browser transport initializes independently of application views,"{""transport"":true,""client"":true}"

BR-ARC-002,browser,ARC-009,PASS,PASS_EXACT,0.20000000298023224,Optional diagnostics can be disabled without startup failure,"{""disabledAndRestored"":true}"

BR-ST-001,browser,ARC-005|ARC-010,PASS,PASS_EXACT,0,Starter browser extension point is callable,"{""extension"":""P2.application.ping"",""callable"":true}"

BR-ST-002,browser,TST-008,PASS,PASS_EXACT,0.09999999403953552,Release manifest agrees with active runtime identity,"{""version"":""P6.4.0-0.1"",""regressionBaseline"":""P4.5.1-0.1"",""protocolVersion"":1}"

BR-APP-001,browser,ARC-005|ARC-010,PASS,PASS_EXACT,0.09999999403953552,Application registration exposes declared service,"{""registered"":true}"

BR-APP-002,browser,CMP-004|TST-008,PASS,PASS_EXACT,0.10000000894069672,Application identity remains separate from foundation identity,"{""foundation"":""P6.4.0-0.1"",""application"":""0.8.7-m8.7""}"

BR-EXT-001,browser,ARC-005|ARC-010,PASS,PASS_EXACT,0,Reference sum browser service is registered,"{""registered"":true}"

BR-EXT-002,browser,PRO-012|TST-003,PASS,PASS_EXACT,0,Reference sum schema requires values,"{""errors"":[""values is required""]}"

BR-EXT-003,browser,ARC-005|CMP-004,PASS,PASS_EXACT,0.29999999701976776,Application registry retains separate services,"{""services"":[""ping"",""sum""],""foundationVersion"":""P6.4.0-0.1"",""applicationVersion"":""0.8.7-m8.7""}"

AIPP-APP-001,browser,ARC-010,PASS,PASS_EXACT,0.09999999403953552,AIPP status service is registered,"{""registered"":true}"

AIPP-APP-004,browser,TST-001,PASS,PASS_EXACT,0.29999999701976776,AIPP shell critical controls exist,"{""missing"":[]}"

AIPP-APP-006,browser,BLD-006,PASS,PASS_EXACT,0.10000000894069672,AIPP payload diagnostic is absent from active runtime,"{""runtimeLoaded"":false}"

BR-P62-001,browser,BLD-009|CMP-004,PASS,PASS_EXACT,0.09999999403953552,P6.2 build identity is active in browser runtime,"{""version"":""P6.4.0-0.1""}"

BR-P63-001,browser,BLD-009|CMP-004,PASS,PASS_EXACT,0.09999999403953552,P6.3 build identity is active in browser runtime,"{""version"":""P6.4.0-0.1""}"

BR-P64-001,browser,BLD-009|CMP-004,PASS,PASS_EXACT,0.09999999403953552,P6.4 package identity is active in browser runtime,"{""version"":""P6.4.0-0.1""}"

AIPP-M2-001,browser,ARC-010,PASS,PASS_EXACT,0.10000000894069672,AIPP pyrolist service and host adapter are registered,"{""service"":true,""adapter"":true}"

AIPP-M2-002,browser,TST-001,PASS,PASS_EXACT,0.09999999403953552,AIPP M2 pyrolist controls exist,"{""missing"":[]}"

AIPP-M3-001,browser,ARC-010,PASS,PASS_EXACT,0.20000000298023224,AIPP pyro editor model and view are registered,"{""model"":true,""view"":true}"

AIPP-M3-002,browser,TST-001,PASS,PASS_EXACT,0.09999999403953552,AIPP pyro editor controls exist,"{""missing"":[]}"

AIPP-M3-005,browser,TST-001,PASS,PASS_EXACT,35.099999994039536,Working edits do not mutate master formulation,"{""master"":""1500 K"",""working"":""1600 K""}"

AIPP-M3-006,browser,TST-001,PASS,PASS_EXACT,35.1000000089407,Reset restores selected source formulation,"{""dirty"":false}"

AIPP-M3-007,browser,TST-003,PASS,PASS_EXACT,0.09999999403953552,Unknown formulation is rejected cleanly,"{""code"":""AIPP_UNKNOWN_FORMULATION""}"

AIPP-M3-008,browser,TST-003,PASS,PASS_EXACT,0.10000000894069672,Formulation validator reports missing required fields,"{""errors"":[""Temperature is required."",""Density is required."",""reference_burn_rate is required."",""HEX is required.""]}"

AIPP-M4-001,browser,ARC-010,PASS,PASS_EXACT,0,Chamber pyro manager model and view are registered,"{""model"":true,""view"":true}"

AIPP-M4-002,browser,TST-001,PASS,PASS_EXACT,0.10000000894069672,Chamber pyro manager controls exist,"{""missing"":[]}"

AIPP-M4-004,browser,TST-001,PASS,PASS_EXACT,39.79999999701977,Chamber pyro identifiers are unique and stable,"{""ids"":[""pyro-0001"",""pyro-0002""]}"

AIPP-M4-005,browser,TST-001,PASS,PASS_EXACT,32.70000000298023,Formulation assignment creates isolated working copy,"{""master"":""1500 K"",""working"":""1999 K""}"

AIPP-M4-006,browser,TST-001,PASS,PASS_EXACT,39.5,Duplicated pyros remain independent,"{""original"":0,""copy"":4.2}"

AIPP-M4-007,browser,TST-001,PASS,PASS_EXACT,41.900000005960464,Remove selects a deterministic neighbor,"{""selected"":""pyro-0001""}"

AIPP-M4-008,browser,TST-003,PASS,PASS_EXACT,34.5,Quantity and timing validation rejects invalid values,"{""errors"":[""Pyro 1: Mass must be a non-negative finite number."",""Pyro 1: Piles must be a positive integer."",""Pyro 1: Ignition delay must be a non-negative finite number.""]}"

AIPP-M4-009,browser,TST-001,PASS,PASS_EXACT,31.599999994039536,Shape changes install shape-specific defaults,"{""shape"":{""diameter"":""10 mm"",""length"":""10 mm""}}"

AIPP-M4-010,browser,TST-003,PASS,PASS_EXACT,28.900000005960464,Unknown chamber pyro is rejected cleanly,"{""code"":""AIPP_UNKNOWN_CHAMBER_PYRO""}"

AIPP-M5-001,browser,ARC-010,PASS,PASS_EXACT,0,Chamber filter model and view are registered,"{""model"":true,""view"":true}"

AIPP-M5-002,browser,TST-001,PASS,PASS_EXACT,0.09999999403953552,Chamber filter controls exist,"{""missing"":[]}"

AIPP-M5-004,browser,TST-001,PASS,PASS_EXACT,0.7999999970197678,Filter duplication remains independent,"{""original"":0,""copy"":4.2}"

AIPP-M5-005,browser,TST-001|TST-003,PASS,PASS_EXACT,0.4000000059604645,Only chamber from-side orifices may be assigned,"{""assigned"":[1,2]}"

AIPP-M5-006,browser,TST-003,PASS,PASS_EXACT,0.5,Filter validation rejects invalid coefficient and method,"{""errors"":[""Filter 1: Method must be PERCENTAGE or KNTU."",""Filter 1: Coefficient must be a non-negative finite number.""]}"

AIPP-M5-007,browser,TST-001,PASS,PASS_EXACT,0.6000000089406967,Orifice dependency scan and delete remap are deterministic,"{""references"":1,""remapped"":[1]}"

AIPP-M5-008,browser,TST-003,PASS,PASS_EXACT,0.20000000298023224,Unknown filter and method are rejected cleanly,"{""codes"":[""AIPP_UNKNOWN_CHAMBER_FILTER"",""AIPP_UNKNOWN_FILTER_METHOD""]}"

AIPP-M531-001,browser,ARC-010,PASS,PASS_EXACT,0,Runtime material service is registered,"{""service"":true,""cache"":true}"

AIPP-M6-001,browser,ARC-010,PASS,PASS_EXACT,0,Topology model and view are registered,"{""registered"":true}"

AIPP-M6-002,browser,TST-001,PASS,PASS_EXACT,0.19999998807907104,Topology controls exist,"{""controls"":true}"

AIPP-M6-003,browser,TST-001,PASS,PASS_EXACT,0.29999999701976776,Chamber identifiers are deterministic,"{""s"":{""chambers"":[{""id"":""chamber-0001"",""index"":1,""name"":""Chamber 1""},{""id"":""chamber-0002"",""index"":2,""name"":""Chamber 2""}],""orifices"":[],""selectedId"":""chamber-0002""}}"

AIPP-M6-004,browser,TST-001,PASS,PASS_EXACT,0.5999999940395355,Orifice endpoints use stable chamber IDs,"{""s"":{""chambers"":[{""id"":""chamber-0001"",""index"":1,""name"":""Chamber 1""},{""id"":""chamber-0002"",""index"":2,""name"":""Chamber 2""}],""orifices"":[{""id"":""orifice-0001"",""index"":1,""fromId"":""chamber-0001"",""toId"":""chamber-0002"",""name"":""Orifice 1""}],""selectedId"":""chamber-0002""}}"

AIPP-M6-005,browser,TST-003,PASS,PASS_EXACT,0.5,Connected chamber removal is blocked,"{""code"":""AIPP_CHAMBER_HAS_ORIFICES""}"

AIPP-M6-006,browser,TST-001,PASS,PASS_EXACT,0.5,Removing connection permits chamber removal,"{""s"":{""chambers"":[{""id"":""chamber-0002"",""index"":1,""name"":""Chamber 2""}],""orifices"":[],""selectedId"":""chamber-0002""}}"

AIPP-M6-007,browser,TST-003,PASS,PASS_EXACT,0.3999999910593033,Self-connected orifice is rejected,"{""code"":""AIPP_INVALID_ORIFICE_ENDPOINTS""}"

AIPP-M7-001,browser,ARC-010,PASS,PASS_EXACT,0.10000000894069672,Production workspace controller is registered,"{""registered"":true}"

AIPP-M7-002,browser,TST-001,PASS,PASS_EXACT,0,Three primary workspace tabs exist,"{""tabs"":[""aippTabEditor"",""aippTabRuntime"",""aippTabOutputs""]}"

AIPP-M7-003,browser,TST-001,PASS,PASS_EXACT,0,Three primary workspace panels exist,"{""panels"":[""aippPanelEditor"",""aippPanelRuntime"",""aippPanelOutputs""]}"

AIPP-M7-004,browser,TST-001,PASS,PASS_EXACT,0.20000000298023224,Workspace defaults to input deck editor,"{""active"":""editor""}"

AIPP-M7-005,browser,TST-007,PASS,PASS_EXACT,0.19999998807907104,Workspace switches to runtime,"{""active"":""runtime""}"

AIPP-M7-006,browser,TST-007,PASS,PASS_EXACT,0.20000000298023224,Workspace switches to outputs,"{""active"":""outputs""}"

AIPP-M7-007,browser,TST-003,PASS,PASS_EXACT,0,Unknown workspace tab is rejected,"{""code"":""AIPP_UNKNOWN_WORKSPACE_TAB""}"

AIPP-M81-001,browser,ARC-010,PASS,PASS_EXACT,0.10000000894069672,Authoritative deck document service is registered,"{""registered"":true}"

AIPP-M81-002,browser,TST-001,PASS,PASS_EXACT,0,Deck document declares schema and version,"{""schema"":""aipp.input-deck"",""version"":1}"

AIPP-M81-003,browser,TST-001,PASS,PASS_EXACT,0,Deck document owns all editor sections,"{""sections"":true}"

AIPP-M81-004,browser,TST-001,PASS,PASS_EXACT,0.19999998807907104,Topology mutation synchronizes authoritative deck,"{""chambers"":1}"

AIPP-M81-005,browser,TST-001,PASS,PASS_EXACT,0.10000000894069672,Meaningful mutation marks deck dirty,"{""dirty"":true}"

AIPP-M81-006,browser,TST-001,PASS,PASS_EXACT,0.20000000298023224,Mark saved clears dirty state,"{""dirty"":false,""name"":""qualified.json""}"

AIPP-M81-007,browser,TST-001,PASS,PASS_EXACT,0.09999999403953552,Deck snapshot is isolated from internal state,"{""isolated"":true}"

AIPP-M81-008,browser,TST-003,PASS,PASS_EXACT,0.10000000894069672,Invalid deck schema is rejected,"{""code"":""AIPP_INVALID_DECK_SCHEMA""}"

AIPP-M81-009,browser,BLD-012,PASS,PASS_EXACT,0.10000000894069672,Deck serialization is deterministic,"{""characters"":252}"

AIPP-M82-001,browser,TST-001,PASS,PASS_EXACT,16.100000008940697,New deck resets to clean untitled document,"{""name"":""untitled.json"",""toolbarLabels"":true}"

AIPP-M82-002,browser,TST-003,PASS,PASS_EXACT,0.20000000298023224,Candidate validation rejects wrong schema atomically,"{""code"":""AIPP_INVALID_DECK_SCHEMA""}"

AIPP-M82-003,browser,PRO-009,PASS,PASS_EXACT,0,Open service route is registered,"{""registered"":true}"

AIPP-M82-004,browser,PRO-009,PASS,PASS_EXACT,0,Save service route is registered,"{""registered"":true}"

AIPP-M82-005,browser,BLD-012,PASS,PASS_EXACT,0,Deck serialization excludes runtime meta,"{""metaExcluded"":true,""native"":true}"

AIPP-M82-007,browser,TST-001|TST-003|BLD-012,PASS,PASS_EXACT,0.4000000059604645,Native AIPP deck is accepted and preserved,"{""preserved"":true}"

AIPP-M83-001,browser,ARC-010,PASS,PASS_EXACT,0.10000000894069672,Native deck importer is registered,"{""registered"":true}"

AIPP-M83-002,browser,TST-001,PASS,PASS_EXACT,0.5,Native import hydrates supported editor projections,"{""chambers"":1,""pyros"":1,""filters"":1}"

AIPP-M83-003,browser,BLD-012|TST-001,PASS,PASS_EXACT,0.10000000894069672,Unknown native properties survive deterministic serialization,"{""preserved"":true}"

AIPP-M83-004,browser,TST-001,PASS,PASS_EXACT,0.09999999403953552,Native precision text survives untouched round trip,"{""precisionPreserved"":true}"

AIPP-M83-005,browser,TST-001|BLD-012,PASS,PASS_EXACT,0.20000000298023224,Native structural comparator ignores object key order only,"{""qualified"":true}"

AIPP-M83-006,browser,TST-003,PASS,PASS_EXACT,0.30000001192092896,Invalid native endpoint is rejected atomically,"{""code"":""AIPP_INVALID_ORIFICE_ENDPOINT""}"

AIPP-M83-007,browser,TST-001,PASS,PASS_EXACT,0.20000000298023224,Native import reports preserved extension fields,"{""diagnostics"":1}"

AIPP-M84-001,browser,ARC-010,PASS,PASS_EXACT,0.09999999403953552,M8.4 topology graph adapter is registered,"{""registered"":true}"

AIPP-M84-002,browser,TST-001,PASS,PASS_EXACT,0.20000000298023224,Native chambers hydrate to deterministic graph nodes,"{""chambers"":2}"

AIPP-M84-003,browser,TST-001,PASS,PASS_EXACT,0.09999999403953552,Parallel native orifices remain distinct inline nodes,"{""orifices"":2,""flowEdges"":4}"

AIPP-M84-004,browser,TST-001,PASS,PASS_EXACT,0.09999999403953552,Wall chamber associations become dotted graph edges,"{""walls"":2,""associations"":3}"

AIPP-M84-005,browser,TST-001,PASS,PASS_EXACT,0.10000000894069672,Graph elements retain native document paths,"{""mapped"":true}"

AIPP-M84-006,browser,BLD-012,PASS,PASS_EXACT,0.7999999970197678,Layout geometry is transient and excluded from native serialization,"{""transient"":true}"

AIPP-M84-007,browser,TST-001,PASS,PASS_EXACT,0.5,Unknown chamber siblings survive topology hydration,"{""preserved"":true}"

AIPP-M84-008,browser,ARC-010,PASS,PASS_EXACT,0.09999999403953552,M8.4 canvas API is registered,"{""registered"":true}"

AIPP-M84-009,browser,BLD-005|TST-006,FAIL,FAIL,0.10000000894069672,Cytoscape graph runtime initializes headlessly,"{""error"":""Error: Expected true"",""stack"":""Error: Expected true\n    at Object.true (file:///D:/ToolboxUpdates/014_AIPP_JSON_GUI/foundation_version/browser_files/dist/bundle.test.html:889:56)\n    at Object.run (file:///D:/ToolboxUpdates/014_AIPP_JSON_GUI/foundation_version/browser_files/dist/bundle.test.html:1316:213)\n    at P4.execute (file:///D:/ToolboxUpdates/014_AIPP_JSON_GUI/foundation_version/browser_files/dist/bundle.test.html:1323:80)\n    at P4.run (file:///D:/ToolboxUpdates/014_AIPP_JSON_GUI/foundation_version/browser_files/dist/bundle.test.html:1324:1121)""}"

CT-MSG-001,contract,TST-002|TST-003,PASS,PASS_EXACT,36.1000000089407,Valid echo envelope,"{""fixtureId"":""CT-MSG-001"",""category"":""message"",""browser"":{""fixture_id"":""CT-MSG-001"",""accepted"":true,""error_code"":"""",""request_id_preserved"":true},""scilab"":{""fixture_id"":""CT-MSG-001"",""accepted"":true,""error_code"":"""",""request_id_preserved"":true},""expected"":{""accepted"":true,""error_code"":"""",""request_id_preserved"":true},""match"":true}"

CT-MSG-002,contract,TST-002|TST-003,PASS,PASS_EXACT,5.800000011920929,Missing message type,"{""fixtureId"":""CT-MSG-002"",""category"":""message"",""browser"":{""fixture_id"":""CT-MSG-002"",""accepted"":false,""error_code"":""MISSING_TYPE"",""request_id_preserved"":true},""scilab"":{""fixture_id"":""CT-MSG-002"",""accepted"":false,""error_code"":""MISSING_TYPE"",""request_id_preserved"":true},""expected"":{""accepted"":false,""error_code"":""MISSING_TYPE"",""request_id_preserved"":true},""match"":true}"

CT-MSG-003,contract,TST-002|TST-003,PASS,PASS_EXACT,43.900000005960464,Missing request ID,"{""fixtureId"":""CT-MSG-003"",""category"":""message"",""browser"":{""fixture_id"":""CT-MSG-003"",""accepted"":false,""error_code"":""MISSING_REQUEST_ID"",""request_id_preserved"":false},""scilab"":{""fixture_id"":""CT-MSG-003"",""accepted"":false,""error_code"":""MISSING_REQUEST_ID"",""request_id_preserved"":false},""expected"":{""accepted"":false,""error_code"":""MISSING_REQUEST_ID"",""request_id_preserved"":false},""match"":true}"

CT-MSG-004,contract,TST-002|TST-003,PASS,PASS_EXACT,19.900000005960464,Invalid protocol name,"{""fixtureId"":""CT-MSG-004"",""category"":""message"",""browser"":{""fixture_id"":""CT-MSG-004"",""accepted"":false,""error_code"":""INVALID_PROTOCOL"",""request_id_preserved"":true},""scilab"":{""fixture_id"":""CT-MSG-004"",""accepted"":false,""error_code"":""INVALID_PROTOCOL"",""request_id_preserved"":true},""expected"":{""accepted"":false,""error_code"":""INVALID_PROTOCOL"",""request_id_preserved"":true},""match"":true}"

CT-MSG-005,contract,TST-002|TST-003,PASS,PASS_EXACT,24,Unsupported major protocol version,"{""fixtureId"":""CT-MSG-005"",""category"":""message"",""browser"":{""fixture_id"":""CT-MSG-005"",""accepted"":false,""error_code"":""UNSUPPORTED_VERSION"",""request_id_preserved"":true},""scilab"":{""fixture_id"":""CT-MSG-005"",""accepted"":false,""error_code"":""UNSUPPORTED_VERSION"",""request_id_preserved"":true},""expected"":{""accepted"":false,""error_code"":""UNSUPPORTED_VERSION"",""request_id_preserved"":true},""match"":true}"

CT-MSG-006,contract,TST-002|TST-003,PASS,PASS_EXACT,29.30000001192093,Unknown optional field tolerated,"{""fixtureId"":""CT-MSG-006"",""category"":""message"",""browser"":{""fixture_id"":""CT-MSG-006"",""accepted"":true,""error_code"":"""",""request_id_preserved"":true},""scilab"":{""fixture_id"":""CT-MSG-006"",""accepted"":true,""error_code"":"""",""request_id_preserved"":true},""expected"":{""accepted"":true,""error_code"":"""",""request_id_preserved"":true},""match"":true}"

CT-XFR-001,contract,TST-002|TST-003,PASS,PASS_EXACT,26.799999997019768,Ordered chunk sequence,"{""fixtureId"":""CT-XFR-001"",""category"":""chunk_sequence"",""browser"":{""fixture_id"":""CT-XFR-001"",""accepted"":true,""error_code"":"""",""received_count"":3},""scilab"":{""fixture_id"":""CT-XFR-001"",""accepted"":true,""error_code"":"""",""received_count"":3},""expected"":{""accepted"":true,""error_code"":"""",""received_count"":3},""match"":true}"

CT-XFR-002,contract,TST-002|TST-003,PASS,PASS_EXACT,28.799999997019768,Out-of-order chunk sequence,"{""fixtureId"":""CT-XFR-002"",""category"":""chunk_sequence"",""browser"":{""fixture_id"":""CT-XFR-002"",""accepted"":true,""error_code"":"""",""received_count"":3},""scilab"":{""fixture_id"":""CT-XFR-002"",""accepted"":true,""error_code"":"""",""received_count"":3},""expected"":{""accepted"":true,""error_code"":"""",""received_count"":3},""match"":true}"

CT-XFR-003,contract,TST-002|TST-003,PASS,PASS_EXACT,29,Duplicate chunk rejected,"{""fixtureId"":""CT-XFR-003"",""category"":""chunk_sequence"",""browser"":{""fixture_id"":""CT-XFR-003"",""accepted"":false,""error_code"":""DUPLICATE_CHUNK"",""received_count"":2},""scilab"":{""fixture_id"":""CT-XFR-003"",""accepted"":false,""error_code"":""DUPLICATE_CHUNK"",""received_count"":2},""expected"":{""accepted"":false,""error_code"":""DUPLICATE_CHUNK"",""received_count"":2},""match"":true}"

CT-XFR-004,contract,TST-002|TST-003,PASS,PASS_EXACT,30,Missing chunk prevents completion,"{""fixtureId"":""CT-XFR-004"",""category"":""chunk_sequence"",""browser"":{""fixture_id"":""CT-XFR-004"",""accepted"":false,""error_code"":""INCOMPLETE_TRANSFER"",""received_count"":2},""scilab"":{""fixture_id"":""CT-XFR-004"",""accepted"":false,""error_code"":""INCOMPLETE_TRANSFER"",""received_count"":2},""expected"":{""accepted"":false,""error_code"":""INCOMPLETE_TRANSFER"",""received_count"":2},""match"":true}"

CT-XFR-005,contract,TST-002|TST-003,PASS,PASS_EXACT,27.600000008940697,Checksum failure rejected,"{""fixtureId"":""CT-XFR-005"",""category"":""chunk_sequence"",""browser"":{""fixture_id"":""CT-XFR-005"",""accepted"":false,""error_code"":""TRANSFER_CHECKSUM_MISMATCH"",""received_count"":3},""scilab"":{""fixture_id"":""CT-XFR-005"",""accepted"":false,""error_code"":""TRANSFER_CHECKSUM_MISMATCH"",""received_count"":3},""expected"":{""accepted"":false,""error_code"":""TRANSFER_CHECKSUM_MISMATCH"",""received_count"":3},""match"":true}"

CT-XFR-006,contract,TST-002|TST-003,PASS,PASS_EXACT,29,Cancellation settles cleanly,"{""fixtureId"":""CT-XFR-006"",""category"":""chunk_sequence"",""browser"":{""fixture_id"":""CT-XFR-006"",""accepted"":false,""error_code"":""TRANSFER_CANCELLED"",""received_count"":1},""scilab"":{""fixture_id"":""CT-XFR-006"",""accepted"":false,""error_code"":""TRANSFER_CANCELLED"",""received_count"":1},""expected"":{""accepted"":false,""error_code"":""TRANSFER_CANCELLED"",""received_count"":1},""match"":true}"

INT-START-001,integration,TST-005,PASS,PASS_EXACT,0.10000000894069672,Browser startup and loaded handshake complete,"{""hostReady"":true,""hostVersion"":""scilab-2026.1.0"",""startupElapsedMs"":2879}"

INT-START-002,integration,PRO-002|TST-005,PASS,PASS_EXACT,28.400000005960464,Explicit protocol handshake agrees with runtime,"{""scilab_version"":""scilab-2026.1.0"",""minimum_scilab_version"":""2026.1.0"",""capabilities"":[""safe_control_json"",""request_response"",""structured_errors""]}"

INT-MSG-001,integration,PRO-003|PRO-004,PASS,PASS_EXACT,30.5,Bidirectional echo preserves request correlation,"{""requestId"":""integration-echo-1786742627080-000036"",""responseType"":""diagnostic.echo.response""}"

INT-MSG-002,integration,PRO-007|PRO-008,PASS,PASS_EXACT,64.1000000089407,Host-to-browser notification is routed,"{""notificationType"":""test.host.notification"",""token"":""notify-p43""}"

INT-MSG-003,integration,PRO-006|TST-003,PASS,PASS_EXACT,44.1000000089407,Unknown type returns structured error,"{""code"":""UNSUPPORTED_TYPE"",""message"":""No handler is registered for message type: test.unknown.operation""}"

INT-MSG-004,integration,PRO-005|TST-003,PASS,PASS_EXACT,3.0999999940395355,Malformed bridge payload returns callback error,"{""code"":""HOST_CALLBACK_EXCEPTION"",""responseType"":""protocol.error""}"

INT-MSG-005,integration,TST-003,PASS,PASS_EXACT,41.599999994039536,Request succeeds after protocol failures,"{""recovered"":true}"

INT-XFR-001,integration,PRO-010|TST-003,PASS,PASS_EXACT,302,Real ordered generic transfer commits atomically,"{""size"":20,""checksum"":1915}"

INT-XFR-002,integration,PRO-010|TST-003,PASS,PASS_EXACT,261.20000000298023,Real out-of-order generic transfer commits,"{""chunks"":4}"

INT-XFR-003,integration,PRO-010|TST-003,PASS,PASS_EXACT,171,Real duplicate chunk is rejected and cancelled,"{""code"":""DUPLICATE_CHUNK"",""message"":""Chunk was already received.""}"

INT-XFR-004,integration,PRO-010|TST-003,PASS,PASS_EXACT,183.59999999403954,Incomplete transfer cannot replace committed data,"{""code"":""INCOMPLETE_TRANSFER"",""message"":""One or more chunks are missing."",""atomicCommitPreserved"":true}"

INT-XFR-005,integration,PRO-010|TST-003,PASS,PASS_EXACT,304,Whole-transfer checksum failure prevents commit,"{""code"":""TRANSFER_CHECKSUM_MISMATCH"",""message"":""Whole-transfer checksum failed.""}"

INT-XFR-006,integration,TRN-002|PRO-009,PASS,PASS_EXACT,5120.4000000059605,Real numeric transfer completes and registries clean,"{""received"":2,""committed"":2}"

INT-LIFE-001,integration,PRO-009|TST-003,PASS,PASS_EXACT,141.09999999403954,Host shutdown rejects work and restart recovers,"{""shutdown"":true,""rejection"":""LIBRARY_INACTIVE"",""restarted"":true}"

INT-UI-001,integration,TST-007,PASS,PASS_EXACT,18.700000002980232,Critical actions remain reachable in current JCEF viewport,"{""viewport"":{""width"":3096,""height"":1204},""controls"":[{""id"":""runSelectedButton"",""width"":110.96875,""height"":35,""visible"":true},{""id"":""runAcceptanceButton"",""width"":172.484375,""height"":35,""visible"":true},{""id"":""stopButton"",""width"":57.625,""height"":35,""visible"":true},{""id"":""exportButton"",""width"":144.828125,""height"":31,""visible"":true},{""id"":""clearButton"",""width"":53.359375,""height"":31,""visible"":true}]}"

INT-HEALTH-001,integration,TST-008,PASS,PASS_EXACT,46,Console and protocol final health are clean,"{""runtimeErrors"":[],""activeRequests"":0,""activeTransfers"":0,""genericActive"":false,""numericActive"":false,""notifications"":1}"

P45-INT-001,integration,PRO-005|PRO-007|TST-003,PASS,PASS_EXACT,76.59999999403954,Routed host handler exception is contained and recovery succeeds,"{""failure"":""HOST_CALLBACK_EXCEPTION"",""recovered"":true}"

P45-INT-002,integration,PRO-003|PRO-009,PASS,PASS_EXACT,738.7999999970198,Repeated request sequence preserves correlation and cleanup,"{""count"":20,""unique"":20}"

P45-INT-003,integration,TRN-004|PRO-010,PASS,PASS_EXACT,800.3000000119209,Representative large generic payload commits and recovers,"{""characters"":262148,""chunks"":17,""checksum"":18383078}"

P45-INT-004,integration,TRN-004|PRO-009,PASS,PASS_EXACT,5257.4000000059605,Representative repeated numeric batches complete cleanly,"{""batches"":5,""valuesPerBatch"":20000,""totalValues"":100000}"

P45-INT-005,integration,TST-007|TST-009,PASS,PASS_EXACT,29.600000008940697,Current live viewport has no horizontal document overflow,"{""width"":3096,""clientWidth"":3081,""scrollWidth"":3081,""overflow"":0}"

INT-ARC-001,integration,ARC-001|ARC-002,PASS,PASS_EXACT,0,Canonical bootstrap reaches host-ready,"{""hostReady"":true,""canonicalLauncher"":""app/main.sce""}"

INT-ARC-002,integration,ARC-005,PASS,PASS_EXACT,23.100000008940697,Example handler remains outside central callback,"{""message"":""pong"",""source"":""application-owned-handler"",""application_version"":""0.8.7-m8.7""}"

INT-ARC-003,integration,ARC-006|ARC-007,PASS,PASS_EXACT,0,Native ownership boundary is declared,"{""native_paths"":""scilab"",""filesystem"":""scilab"",""dom"":""browser"",""request_registry"":""browser"",""host_lifecycle"":""scilab""}"

INT-ARC-004,integration,ARC-001,PASS,PASS_EXACT,119.59999999403954,Shutdown and restart preserve clean context,"{""before"":0,""after"":0,""restarted"":true}"

INT-ST-001,integration,ARC-005|TST-005,PASS,PASS_EXACT,54.099999994039536,Starter example operation completes through live bridge,"{""operation"":""application.example.ping.request"",""message"":""pong"",""source"":""application-owned-handler""}"

INT-ST-002,integration,PRO-009|TST-008,PASS,PASS_EXACT,33.70000000298023,Starter smoke operation leaves clean protocol state,"{""activeRequests"":0,""activeTransfers"":0}"

INT-APP-001,integration,ARC-005|TST-005,PASS,PASS_EXACT,23.899999991059303,Reference application starts and completes operation,"{""message"":""pong"",""source"":""application-owned-handler"",""application_version"":""0.8.7-m8.7""}"

INT-APP-002,integration,PRO-009|TST-008,PASS,PASS_EXACT,34.5,Application operation and protocol state remain clean,"{""activeRequests"":0,""activeTransfers"":0}"

INT-EXT-001,integration,ARC-005|TST-005,PASS,PASS_EXACT,25,Reference sum completes through live bridge,"{""sum"":10,""count"":4,""source"":""application-owned-handler"",""application_version"":""0.8.7-m8.7""}"

INT-EXT-002,integration,PRO-011|TST-003,PASS,PASS_EXACT,0.4000000059604645,Invalid sum payload returns structured error,"{""code"":""SCHEMA_VALIDATION_FAILED"",""message"":""values is required""}"

INT-EXT-003,integration,PRO-009|TST-008,PASS,PASS_EXACT,31.30000001192093,Sum operation leaves protocol state clean,"{""activeRequests"":0,""activeTransfers"":0}"

INT-REL-001,integration,CMP-004|TST-008,PASS,PASS_EXACT,0.09999999403953552,Live runtime reports P6.4 foundation identity,"{""foundation"":""P6.4.0-0.1"",""application"":""0.8.7-m8.7""}"

INT-REL-002,integration,CMP-001|CMP-002,PASS,PASS_EXACT,0.10000000894069672,Release candidate uses qualified Scilab minimum,"{""hostVersion"":""scilab-2026.1.0"",""minimum"":""2026.1.0""}"

INT-REL-003,integration,AIG-006|AIG-007,PASS,PASS_EXACT,46.5,P6.4 final extension workflow retains clean health,"{""ping"":""pong"",""sum"":42,""activeRequests"":0}"

INT-P62-001,integration,AIG-007|TST-008,PASS,PASS_EXACT,25.400000005960464,P6.2 live runtime preserves clean protocol health,"{""activeRequests"":0,""activeTransfers"":0}"

INT-P63-001,integration,AIG-007|TST-008,PASS,PASS_EXACT,37.30000001192093,P6.3 application operation leaves clean runtime state,"{""activeRequests"":0,""activeTransfers"":0}"

INT-P64-001,integration,AIG-007|TST-008,PASS,PASS_EXACT,32.29999999701977,P6.4 packaging changes preserve clean runtime state,"{""activeRequests"":0,""activeTransfers"":0}"

AIPP-M2-003,integration,ARC-005|TST-005,PASS,PASS_EXACT,38.6000000089407,AIPP pyrolist metadata loads through live bridge,"{""count"":79,""source"":""application/data/pyrolist.json""}"

AIPP-M2-004,integration,ARC-005|TST-005,PASS,PASS_EXACT,42.900000005960464,AIPP host adapter loads formulations and installs legacy contract,"{""count"":79,""legacyState"":""loaded 79 formulations""}"

AIPP-M2-005,integration,PRO-011|TST-003,PASS,PASS_EXACT,42.5,AIPP pyrolist rejects invalid include flag,"{""code"":""INVALID_APPLICATION_PAYLOAD"",""message"":""include_formulations must be a scalar boolean.""}"

AIPP-M2-006,integration,PRO-009|TST-008,PASS,PASS_EXACT,33.20000000298023,AIPP pyrolist workflow leaves protocol state clean,"{""activeRequests"":0,""activeTransfers"":0}"

AIPP-M3-003,integration,ARC-005|TST-005,PASS,PASS_EXACT,38.79999999701977,Pyro editor receives all live formulation names,"{""count"":79}"

AIPP-M3-004,integration,TST-001|TST-005,PASS,PASS_EXACT,61.6000000089407,Known formulation selection is deterministic,"{""selected"":""generic_pyro""}"

AIPP-M3-009,integration,TST-007|TST-009,PASS,PASS_EXACT,31.399999991059303,Pyro editor controls are visible and reachable,"{""controls"":[{""id"":""aippPyroEditorLoad"",""width"":144.28125,""height"":36,""visible"":true},{""id"":""aippPyroSelect"",""width"":2706.625,""height"":36,""visible"":true},{""id"":""aippPyroReset"",""width"":124.09375,""height"":37,""visible"":true}]}"

AIPP-M3-010,integration,PRO-009|TST-008,PASS,PASS_EXACT,56.79999999701977,Pyro editor workflow leaves protocol state clean,"{""activeRequests"":0,""activeTransfers"":0}"

AIPP-M4-003,integration,TST-001|TST-005,PASS,PASS_EXACT,50.900000005960464,Default chamber pyro is deterministic,"{""id"":""pyro-0001"",""formulation"":""generic_pyro""}"

AIPP-M4-011,integration,TST-007|TST-009,PASS,PASS_EXACT,64.6000000089407,Chamber pyro controls are visible and reachable,"{""controls"":[{""id"":""aippChamberPyroAdd"",""width"":145.78125,""height"":35,""visible"":true},{""id"":""aippChamberPyroList"",""width"":350,""height"":771,""visible"":true},{""id"":""aippChamberPyroDetail"",""width"":2685,""height"":771,""visible"":true}],""styles"":{""managerBackground"":""rgb(255, 255, 255)"",""bodyDisplay"":""grid"",""bodyColumns"":""350px 2685px"",""rowDisplay"":""block"",""rowBackground"":""rgb(234, 242, 255)"",""detailBackground"":""rgb(255, 255, 255)"",""removeColor"":""rgb(187, 42, 54)""},""editing"":{""value"":""Editable chamber pyro"",""focusRetained"":true,""stableId"":""pyro-0001""}}"

AIPP-M4-012,integration,PRO-009|TST-008,PASS,PASS_EXACT,42.3999999910593,Chamber pyro workflow leaves protocol state clean,"{""activeRequests"":0,""activeTransfers"":0}"

AIPP-M5-003,integration,TST-001|TST-005,PASS,PASS_EXACT,57.29999999701977,Default chamber filter is deterministic,"{""filter"":{""id"":""filter-0001"",""name"":""Filter 1"",""material"":""steel"",""density"":""7833.0 kg/m^3"",""specific_heat"":""510.0 J/(kg K)"",""thermal_conductivity"":""45.0 W/(m K)"",""mass"":""0.0 g"",""method"":""PERCENTAGE"",""coefficient"":0,""orifices"":[]}}"

AIPP-M5-009,integration,TST-007|TST-009,PASS,PASS_EXACT,67.19999998807907,"Chamber filter controls are visible, styled, and editable","{""visible"":true,""focusRetained"":true,""materialPropertiesReadOnly"":true}"

AIPP-M5-010,integration,PRO-009|TST-008,PASS,PASS_EXACT,2.2999999970197678,Chamber filter workflow leaves protocol state clean,"{""activeRequests"":0,""activeTransfers"":0}"

AIPP-M531-002,integration,ARC-005|TST-005,PASS,PASS_EXACT,37.6000000089407,Material list loads through live bridge at runtime,"{""source"":""application/data/material_list.json"",""count"":3,""names"":[""aluminum"",""copper"",""steel""]}"

AIPP-M531-003,integration,TST-001|TST-005,PASS,PASS_EXACT,31.099999994039536,Runtime material records retain every supplied property,"{""materials"":[""aluminum"",""copper"",""steel""],""propertyCounts"":{""aluminum"":3,""copper"":3,""steel"":3}}"

AIPP-M531-004,integration,TST-001|TST-009,PASS,PASS_EXACT,30.399999991059303,Material property renderer has no fixed property whitelist,"{""dynamicPropertyRendered"":true}"

AIPP-M531-005,integration,PRO-009|TST-008,PASS,PASS_EXACT,32.8999999910593,Runtime material workflow leaves protocol state clean,"{""activeRequests"":0,""activeTransfers"":0}"

AIPP-M531-006,integration,CMP-004|TST-008,PASS,PASS_EXACT,47.70000000298023,M5.3.1 application identity agrees across runtime boundaries,"{""manifest"":""0.8.7-m8.7"",""status"":""0.8.7-m8.7"",""materials"":""0.8.7-m8.7""}"

AIPP-M6-008,integration,TST-007,PASS,PASS_EXACT,2.2000000029802322,Topology UI renders entities,"{""rendered"":true}"

AIPP-M6-009,integration,PRO-009|TST-008,PASS,PASS_EXACT,0.4000000059604645,Topology workflow leaves protocol state clean,"{""activeRequests"":0,""activeTransfers"":0}"

AIPP-M7-008,integration,PRO-009|TST-008,PASS,PASS_EXACT,0.5999999940395355,Workspace switching leaves protocol state clean,"{""activeRequests"":0,""activeTransfers"":0}"

AIPP-M81-010,integration,PRO-009|TST-008,PASS,PASS_EXACT,0.4000000059604645,Deck synchronization leaves protocol state clean,"{""activeRequests"":0,""activeTransfers"":0}"

AIPP-M82-006,integration,PRO-009|TST-008,PASS,PASS_EXACT,0.30000001192092896,M8.2 leaves protocol state clean,"{""activeRequests"":0,""activeTransfers"":0}"

AIPP-M83-008,integration,PRO-009|TST-008,PASS,PASS_EXACT,0.29999999701976776,M8.3 native workflow leaves protocol state clean,"{""activeRequests"":0,""activeTransfers"":0}"

AIPP-M84-010,integration,PRO-009|TST-008,PASS,PASS_EXACT,0.5,M8.4 topology workflow leaves protocol state clean,"{""activeRequests"":0,""activeTransfers"":0}"

VIS-BASE-001,visual,TST-007|TST-009,PASS,PASS_EXACT,5.700000002980232,Visual design tokens match approved baseline,"{""actual"":{""bodyBackground"":""rgb(238, 242, 247)"",""cardBackground"":""rgb(255, 255, 255)"",""primaryButton"":""rgb(23, 105, 224)"",""readyBadge"":""rgb(220, 247, 231)"",""detailBackground"":""rgb(16, 24, 39)""},""baseline"":{""bodyBackground"":""rgb(238, 242, 247)"",""cardBackground"":""rgb(255, 255, 255)"",""primaryButton"":""rgb(23, 105, 224)"",""readyBadge"":""rgb(220, 247, 231)"",""detailBackground"":""rgb(16, 24, 39)""}}"

VIS-LAYOUT-001,visual,TST-007|TST-009,PASS,PASS_EXACT,19.700000002980232,Primary cards do not overlap at standard viewport,"{""viewport"":{""width"":3096,""height"":1204},""cardCount"":7,""overlaps"":[]}"

VIS-LAYOUT-002,visual,TST-007|TST-009,PASS,PASS_EXACT,414.70000000298023,Critical controls meet document geometry and viewport reachability contracts,"{""normalizedFrom"":{""x"":0,""y"":3451},""controls"":[{""id"":""runSelectedButton"",""left"":819.5,""top"":317,""right"":930.46875,""bottom"":352,""width"":110.96875,""height"":35,""reachable"":true,""visibleTop"":317,""visibleBottom"":352},{""id"":""runAcceptanceButton"",""left"":939.46875,""top"":317,""right"":1111.953125,""bottom"":352,""width"":172.484375,""height"":35,""reachable"":true,""visibleTop"":317,""visibleBottom"":352},{""id"":""stopButton"",""left"":1120.953125,""top"":317,""right"":1178.578125,""bottom"":352,""width"":57.625,""height"":35,""reachable"":true,""visibleTop"":317,""visibleBottom"":352},{""id"":""exportButton"",""left"":1929,""top"":831,""right"":2073.828125,""bottom"":862,""width"":144.828125,""height"":31,""reachable"":true,""visibleTop"":586,""visibleBottom"":617},{""id"":""copyButton"",""left"":2082.828125,""top"":831,""right"":2199.140625,""bottom"":862,""width"":116.3125,""height"":31,""reachable"":true,""visibleTop"":586,""visibleBottom"":617},{""id"":""clearButton"",""left"":2208.140625,""top"":831,""right"":2261.5,""bottom"":862,""width"":53.359375,""height"":31,""reachable"":true,""visibleTop"":586,""visibleBottom"":617}]}"

VIS-TABLE-001,visual,TST-007|TST-009,PASS,PASS_EXACT,61.6000000089407,Results table retains bounded scroll container,"{""scrollHeight"":8856,""clientHeight"":390,""overflowY"":""auto""}"

VIS-DETAIL-001,visual,TST-007|TST-009,PASS,PASS_EXACT,36.30000001192093,Long structured detail wraps and remains bounded,"{""width"":1442,""scrollHeight"":311,""clientHeight"":300,""overflowY"":""auto""}"

VIS-STATE-001,visual,TST-007|TST-009,PASS,PASS_EXACT,6,Running and idle controls have distinct enabled states,"{""original"":{""runDisabled"":true,""stopDisabled"":false},""idle"":{""runDisabled"":false,""stopDisabled"":true,""runOpacity"":""1"",""stopOpacity"":""0.5""},""running"":{""runDisabled"":true,""stopDisabled"":false,""runOpacity"":""0.5"",""stopOpacity"":""1""},""restored"":{""runDisabled"":true,""stopDisabled"":false}}"

VIS-STATUS-001,visual,TST-007|TST-009,PASS,PASS_EXACT,60.29999999701977,Progress and status transitions remain visible,"{""requestedRatio"":0.57,""renderedRatio"":0.5699857244825125,""settlement"":""transitionend"",""statusVisible"":true}"

VIS-A11Y-001,visual,TST-007|TST-009,PASS,PASS_EXACT,2,Interactive controls have accessible names and focus cues,"{""controlCount"":52,""unnamed"":[],""focusVisibleRules"":[{""selector"":""button:focus-visible, select:focus-visible, input:focus-visible"",""outlineWidth"":""3px"",""outlineStyle"":""solid"",""outlineColor"":""rgb(122, 176, 255)"",""outlineOffset"":""2px""}],""qualifyingRuleCount"":1}"

VIS-RESP-001,visual,TST-007|TST-009,PASS,PASS_EXACT,0.29999999701976776,Responsive CSS contracts are present and active,"{""mediaQueries"":[""(max-width: 900px)"",""(max-width: 640px)"",""(max-width: 900px)"",""(max-width: 850px)"",""(max-width: 1100px)"",""(max-width: 700px)"",""(max-width: 900px)"",""(max-width: 980px)"",""(max-width: 650px)"",""(max-width: 900px)"",""(max-width: 900px)"",""(max-width: 1000px)"",""(max-width: 850px)"",""(max-width: 1100px)"",""(max-width: 700px)""],""currentViewport"":{""width"":3096,""height"":1204},""standardViewport"":true}"

VIS-SNAP-001,visual,TST-009,PASS,PASS_EXACT,39.1000000089407,Deterministic GUI contract snapshot is complete,"{""snapshotKind"":""structured_dom_visual_contract"",""baselineVersion"":""P4.5.1-0.1"",""scrollNormalized"":true,""restoredScroll"":{""x"":0,""y"":3451},""viewport"":{""width"":3096,""height"":1204,""dpr"":1},""regions"":[{""id"":""connectionBadge"",""left"":2046.828125,""top"":45.5,""right"":2280.5,""bottom"":82.5,""width"":233.671875,""height"":37},{""id"":""runSelectedButton"",""left"":819.5,""top"":317,""right"":930.46875,""bottom"":352,""width"":110.96875,""height"":35},{""id"":""runAcceptanceButton"",""left"":939.46875,""top"":317,""right"":1111.953125,""bottom"":352,""width"":172.484375,""height"":35},{""id"":""stopButton"",""left"":1120.953125,""top"":317,""right"":1178.578125,""bottom"":352,""width"":57.625,""height"":35},{""id"":""progressBar"",""left"":1823.6875,""top"":271,""right"":2102.328125,""bottom"":279,""width"":278.640625,""height"":8},{""id"":""resultsBody"",""left"":819.5,""top"":-7133.5,""right"":2246.5,""bottom"":1902.5,""width"":1427,""height"":9036},{""id"":""resultDetail"",""left"":819.5,""top"":1387,""right"":2261.5,""bottom"":1687,""width"":1442,""height"":300},{""id"":""eventLog"",""left"":819.5,""top"":1783,""right"":2261.5,""bottom"":1913,""width"":1442,""height"":130}],""colors"":{""body"":""rgb(238, 242, 247)"",""card"":""rgb(255, 255, 255)"",""primary"":""rgb(23, 105, 224)"",""ready"":""rgb(220, 247, 231)"",""detail"":""rgb(16, 24, 39)""}}"

SC-PRO-001,scilab,PRO-001|PRO-002|PRO-003,PASS,PASS_EXACT,0,Valid envelope accepted,"{""validation_error"":[]}"

SC-PRO-002,scilab,PRO-001|TST-003,PASS,PASS_EXACT,1,Missing type rejected,"{""validation_error"":{""protocol"":""scilab-jcef"",""protocol_version"":1,""type"":""protocol.error"",""request_id"":""p4-unit"",""status"":""error"",""error"":{""code"":""MISSING_TYPE"",""message"":""type is required."",""retryable"":false}}}"

SC-PRO-003,scilab,PRO-014|TST-003,PASS,PASS_EXACT,1,Unsupported version rejected,"{""validation_error"":{""protocol"":""scilab-jcef"",""protocol_version"":1,""type"":""protocol.error"",""request_id"":""p4-unit"",""status"":""error"",""error"":{""code"":""UNSUPPORTED_VERSION"",""message"":""Protocol version is not supported."",""retryable"":false}}}"

SC-XFR-001,scilab,PRO-010,PASS,PASS_EXACT,0,Ordered chunk assembly,"{""assembled"":""abcdefghi""}"

SC-XFR-002,scilab,PRO-010|TST-003,PASS,PASS_EXACT,0,Duplicate chunk detected,"{""duplicate"":true}"

SC-PLOT-001,scilab,PLT-006,PASS,PASS_EXACT,8,Min/max extrema preserved,"{""source_min"":-8,""source_max"":10,""reduced_min"":-8,""reduced_max"":10}"

SC-PLOT-002,scilab,PLT-007,PASS,PASS_EXACT,0,Independent-X range query,"{""curve1_count"":21,""curve2_count"":11}"

SC-CODEC-001,scilab,PRO-002|PRO-005,PASS,PASS_EXACT,1,Control codec round trip,"{""decoded_text"":""P4.5 unicode - cafe""}"

SC-CODEC-002,scilab,TRN-005,PASS,PASS_EXACT,0,Codec normalizes numeric bytes to row orientation,"{""rows"":1,""columns"":3}"

SC-CODEC-003,scilab,PRO-005|TST-003,PASS,PASS_EXACT,0,Codec rejects nonnumeric control payload,"{""rejected"":true}"

SC-ROUTE-001,scilab,PRO-006|PRO-007,PASS,PASS_EXACT,1,Router returns structured unknown-type error and test failure hook is installed,"{""code"":""UNSUPPORTED_TYPE"",""test_hook_installed"":true,""test_hook_throws"":true}"

SC-ROUTE-002,scilab,PRO-009|TST-003,PASS,PASS_EXACT,0,Inactive router rejects ordinary work,"{""code"":""LIBRARY_INACTIVE""}"

SC-XFR-003,scilab,PRO-010|TST-003,PASS,PASS_EXACT,3,Missing generic chunk resets transfer,"{""code"":""INCOMPLETE_TRANSFER""}"

SC-XFR-004,scilab,PRO-010|TST-003,PASS,PASS_EXACT,1,Out-of-range generic chunk is rejected,"{""code"":""CHUNK_INDEX_OUT_OF_RANGE""}"

SC-XFR-005,scilab,PRO-010|TST-003,PASS,PASS_EXACT,2,Per-chunk checksum failure is rejected,"{""code"":""CHUNK_CHECKSUM_MISMATCH""}"

SC-XFR-006,scilab,PRO-010,PASS,PASS_EXACT,2,Generic cancellation clears active state,"{""active"":false}"

SC-XFR-007,scilab,PRO-010|TST-003,PASS,PASS_EXACT,1,Declared generic size mismatch prevents commit,"{""code"":""TOTAL_SIZE_MISMATCH""}"

SC-ARC-001,scilab,ARC-001,PASS,PASS_EXACT,0,Launcher anchors application root,"{""app_root"":""D:\\ToolboxUpdates\\014_AIPP_JSON_GUI\\foundation_version"",""canonical_launcher"":""D:\\ToolboxUpdates\\014_AIPP_JSON_GUI\\foundation_version\\app\\main.sce""}"

SC-ARC-002,scilab,ARC-001,PASS,PASS_EXACT,0,Foundation runtime owns initialized lifecycle state,"{""flags_scalar"":true,""lifecycle_correct"":true,""library_active"":true,""numeric_active"":false,""generic_active"":false,""host_log_initialized"":true,""generic_commit_initialized"":true,""host_log_type"":""constant"",""generic_commit_type"":""string""}"

SC-APP-001,scilab,ARC-005|ARC-010,PASS,PASS_EXACT,3,Application handler registry resolves declared operation,"{""registered"":true,""source"":""application-owned-handler""}"

SC-APP-002,scilab,TST-003|ARC-010,PASS,PASS_EXACT,0,Duplicate application route is rejected,"{""duplicate_rejected"":true}"

SC-EXT-001,scilab,ARC-005|ARC-010,PASS,PASS_EXACT,2,Application sum handler returns deterministic result,"{""sum"":10,""count"":4}"

SC-EXT-002,scilab,PRO-011|TST-003,PASS,PASS_EXACT,2,Application sum handler rejects missing values,"{""code"":""INVALID_APPLICATION_PAYLOAD""}"

SC-EXT-003,scilab,ARC-005|ARC-010,PASS,PASS_EXACT,0,Application registry contains both declared routes,"{""route_count"":7}"
